233,yo
200,hay
159,ahi
157,algo
123,quiero
109,gente
108,como
62,programa
61,bien
55,poco
54,ruffo
52,tengo
52,boludo
42,ustedes
35,entonces
31,otro
30,verdad
27,dijo
26,igual
26,gran
26,estamos
26,ana
25,pol
25,momento
25,hoy
25,ese
25,esa
25,dije
25,diciendo
25,creo
25,chat
24,hablar
24,blender
23,tipo
23,quieren
23,loco
23,importante
23,estudio
23,ay
23,agradecer
22,tener
22,r
22,quer
22,presidente
22,pasa
22,fue
21,vez
21,raro
21,ir
20,siempre
20,rebor
20,pasando
20,medio
20,hagov
20,estaba
20,alguien
19,tica
18,viernes
18,vas
18,tiempo
18,primero
18,persona
18,pas
18,p
18,otra
18,nunca
18,nico
18,hecho
17,unos
17,todas
17,serio
17,pueden
17,primer
17,nosotros
17,moco
17,mal
17,lado
17,haciendo
17,entiende
17,dos
17,buen
17,balas
17,an
16,viene
16,vida
16,saben
16,quiz
16,peronismo
16,mismo
16,laurita
16,especial
16,dicen
16,antes
15,vemos
15,t
15,realidad
15,puedo
15,oh
15,gusta
15,gratis
15,ejemplo
15,donde
15,culo
15,casa
14,tienen
14,sus
14,sin
14,realmente
14,problema
14,poquito
14,podemos
14,perd
14,necesito
14,mir
14,minti
14,econom
14,claro
14,argentino
13,ves
13,veces
13,supuesto
13,poder
13,pa
13,mail
13,haber
13,eje
13,cil
13,cada
12,warson
12,trump
12,sos
12,siento
12,real
12,peque
12,padre
12,mucha
12,mont
12,miren
12,mesa
12,menos
12,leo
12,hablando
12,funciona
12,fracas
12,familia
12,atr
11,vieron
11,viendo
11,veo
11,venir
11,tan
11,secci
11,sabes
11,re
11,quiere
11,primera
11,pap
11,okay
11,nuestro
11,moreno
11,mam
11,lugar
11,idiota
11,hijo
11,hey
11,hasta
11,hab
11,ha
11,guillermo
11,entiendo
11,dif
11,concha
11,buena
10,xima
10,vuelta
10,viste
10,ven
10,toda
10,televisivo
10,suda
10,sab
10,preocupa
10,pido
10,pidamente
10,parte
10,parece
10,noche
10,muchas
10,mensajes
10,importa
10,hora
10,hac
10,final
10,diario
10,che
10,capaz
10,cambio
10,calle
10,b
10,algunas
10,adem
9,v
9,tano
9,secundaria
9,posible
9,poner
9,plano
9,nota
9,muchos
9,mejor
9,mara
9,hacen
9,hacemos
9,frente
9,favor
9,equipo
9,diga
9,cuenta
9,argentina
9,alg
9,ajuste
8,tranquilo
8,total
8,tirar
8,tema
8,super
8,spider
8,sola
8,sica
8,sabe
8,reuni
8,rebord
8,rara
8,peronista
8,pasar
8,par
8,nto
8,noches
8,nivel
8,mis
8,madre
8,lleva
8,lindo
8,javier
8,idea
8,iba
8,hizo
8,hermana
8,grandes
8,grande
8,gracias
8,f
8,exacto
8,estas
8,cara
8,cantidad
8,aparte
8,algunos
8,acuerdo
7,vivo
7,video
7,trollo
7,trabajo
7,tom
7,tico
7,tanto
7,sniper
7,reci
7,pone
7,pie
7,pasado
7,ordial
7,marcas
7,mandar
7,incre
7,horario
7,hice
7,haces
7,general
7,fuerza
7,foto
7,feliz
7,fantino
7,explicar
7,entre
7,empezar
7,discusi
7,desde
7,dale
7,cualquier
7,contrario
7,com
7,chubut
7,ble
7,bastante
7,arrancar
7,apertura
6,toque
6,toca
6,sonido
6,somos
6,sirve
6,significa
6,saludo
6,sali
6,saber
6,riquelme
6,revancha
6,reportes
6,punto
6,producci
6,president
6,pongo
6,pelea
6,otras
6,online
6,nica
6,mr
6,miley
6,mand
6,mala
6,lugares
6,lisis
6,interesa
6,han
6,hago
6,habla
6,gustar
6,green
6,gcb
6,fuerte
6,fingir
6,ey
6,estado
6,escuchar
6,esas
6,error
6,edad
6,durante
6,di
6,dar
6,cuesti
6,correr
6,conmigo
6,clima
6,cl
6,cabeza
6,basado
6,bancar
6,ara
6,amigo
6,agarra
6,agarr
6,adentro
6,adelante
5,tuve
5,trolo
5,trata
5,tir
5,tenga
5,tele
5,sucediendo
5,sucede
5,stico
5,sistema
5,sinusitis
5,sigue
5,sicamente
5,sepan
5,sean
5,santi
5,rminos
5,reor
5,redes
5,rcoles
5,queda
5,puntos
5,probable
5,presente
5,pod
5,piedra
5,peor
5,pensar
5,patolog
5,palusa
5,otros
5,ordena
5,onda
5,oficialismo
5,not
5,ning
5,nerds
5,necesario
5,nde
5,nacional
5,miente
5,met
5,mensaje
5,mejores
5,mando
5,maga
5,libre
5,laburo
5,juan
5,jodiendo
5,joaqu
5,intro
5,insane
5,incluso
5,imb
5,historia
5,hermano
5,habilidad
5,h
5,gust
5,gobierno
5,gobernador
5,ganar
5,fueron
5,forma
5,falta
5,episodios
5,entr
5,entender
5,empieza
5,empezando
5,ellos
5,dijeron
5,diagn
5,dentro
5,dejar
5,cuerpo
5,conocer
5,conocen
5,comer
5,ciencia
5,ciclo
5,cena
5,casas
5,carrera
5,bloque
5,blica
5,audio
5,arco
5,aprovecho
5,amigos
5,all
5,acabas
4,zurdo
4,voz
4,virtual
4,vino
4,venimos
4,vengo
4,venga
4,vaya
4,vasado
4,u
4,tuvo
4,tres
4,trapos
4,todav
4,the
4,tengan
4,televisi
4,suerte
4,sue
4,storyboard
4,star
4,sobre
4,simo
4,siguen
4,semana
4,seguir
4,seguidores
4,saco
4,representatividad
4,representaciones
4,repente
4,rep
4,remera
4,recursos
4,reconcha
4,recomendaci
4,raros
4,queres
4,puse
4,puedes
4,problemas
4,probablemente
4,pr
4,poniendo
4,podr
4,petri
4,perfecto
4,pensamos
4,pelotas
4,pele
4,paciencia
4,oportunidad
4,objetivamente
4,nuevo
4,nuestra
4,ntos
4,ntas
4,novedad
4,notar
4,nostalgia
4,nfasis
4,necesitamos
4,narrativamente
4,mundo
4,mostrar
4,mirando
4,minutos
4,mile
4,mientras
4,medidas
4,matar
4,manos
4,mano
4,manera
4,manda
4,lunes
4,locura
4,llama
4,likes
4,like
4,libertadores
4,leer
4,lali
4,jugas
4,jugar
4,jubilado
4,joda
4,jense
4,j
4,internacional
4,instagram
4,importantes
4,ilusi
4,humanos
4,horrible
4,horas
4,hombre
4,hijos
4,hiciste
4,haya
4,hable
4,hablamos
4,habl
4,gracioso
4,gana
4,frase
4,filo
4,existe
4,excelente
4,exactamente
4,etapas
4,estuve
4,estos
4,esos
4,esfuerzo
4,escuchando
4,escuchame
4,escriben
4,escena
4,eras
4,entrar
4,enojos
4,encanta
4,elecciones
4,efectivamente
4,edib
4,distinto
4,distintas
4,discusiones
4,dijiste
4,diablos
4,despertas
4,decime
4,deber
4,da
4,cual
4,criterio
4,cristina
4,crees
4,contra
4,completamente
4,claramente
4,ciles
4,cierre
4,chivo
4,cerrar
4,cenar
4,casi
4,cartesiano
4,buenos
4,buenas
4,bordal
4,big
4,ayer
4,atila
4,arranca
4,aquino
4,apuesta
4,anterior
4,anda
4,amos
4,alberto
4,ago
4,agarrar
4,acuerdan
4,abrir
4,abascal
3,youtube
3,yoda
3,wars
3,warhammer
3,volvamos
3,viejo
3,vertiz
3,verlo
3,velocidad
3,vea
3,ve
3,vayan
3,uy
3,usted
3,usar
3,universo
3,unas
3,ubicar
3,trompadas
3,trampa
3,trae
3,tr
3,tocar
3,tiras
3,tila
3,ticas
3,terminar
3,tengas
3,tenerlas
3,temporada
3,talento
3,suena
3,streaming
3,sticamente
3,squad
3,sof
3,sociales
3,simos
3,simas
3,sicos
3,sexual
3,sesiones
3,sentar
3,seis
3,seguro
3,seguridad
3,seamos
3,salva
3,saludar
3,sacar
3,sac
3,sa
3,roja
3,reward
3,responsabilidad
3,remil
3,remeras
3,recuerdo
3,radio
3,quieran
3,quien
3,querer
3,queremos
3,quedas
3,pupuna
3,puesto
3,pueda
3,pudre
3,propias
3,programas
3,producto
3,principio
3,presentar
3,preocupaci
3,preguntar
3,precio
3,positivo
3,posibilidades
3,populares
3,ponch
3,podrido
3,pocas
3,poca
3,pies
3,pienso
3,piensen
3,pidiendo
3,petr
3,personales
3,peronistas
3,perderme
3,pene
3,pelo
3,pedido
3,ped
3,partir
3,pantalla
3,ok
3,ojo
3,obvio
3,obligaci
3,nta
3,ninguna
3,nervioso
3,ndez
3,narrativo
3,naci
3,nace
3,my
3,mueve
3,muestra
3,motivo
3,morir
3,mites
3,misma
3,miniaturas
3,milei
3,mike
3,mesas
3,mercado
3,may
3,manual
3,manu
3,malo
3,lol
3,llego
3,llegar
3,llegamos
3,leem
3,larga
3,juego
3,jame
3,izquierda
3,iv
3,invitar
3,invitados
3,internet
3,intentar
3,imagen
3,he
3,harto
3,haga
3,hacerlo
3,hablas
3,hablado
3,haberlo
3,guillote
3,grupo
3,gl
3,gigante
3,gicamente
3,gica
3,generaci
3,gaming
3,fui
3,fuera
3,fracaso
3,fono
3,fondo
3,flyer
3,fern
3,fecha
3,fara
3,fachero
3,facha
3,extra
3,etapa
3,estudios
3,estudiando
3,estructura
3,estad
3,estaban
3,esquema
3,esper
3,espectro
3,espectacular
3,espect
3,espacio
3,escuadr
3,esc
3,eructando
3,eran
3,equivocar
3,entend
3,enrique
3,enojar
3,enojan
3,enemigos
3,emocionante
3,elogio
3,drag
3,doble
3,disfruto
3,diferente
3,descubrir
3,delirio
3,defensa
3,decimos
3,dato
3,das
3,dante
3,dame
3,cuatro
3,cree
3,crecer
3,consejo
3,conozco
3,concepto
3,comunidad
3,compatriotas
3,comentario
3,cierto
3,cheat
3,champions
3,cero
3,carta
3,canciller
3,bulos
3,bully
3,bu
3,bomba
3,bolita
3,boca
3,blancos
3,blanco
3,bato
3,ayuda
3,au
3,ass
3,archivo
3,arcada
3,aprovechar
3,aplausos
3,alo
3,alejandro
3,albertismo
3,aire
3,accidente
3,acabo
3,abri
2,yendo
2,xito
2,xico
2,web
2,vuelve
2,vuelo
2,volverse
2,vivimos
2,viv
2,vio
2,vil
2,vienen
2,videos
2,vibra
2,vi
2,versatilidad
2,verde
2,verdades
2,vengan
2,venes
2,vean
2,urgente
2,uh
2,uf
2,ucrania
2,twitter
2,tweets
2,tweet
2,tus
2,turismo
2,trp
2,trofeos
2,tremendo
2,tratemos
2,trastorno
2,trap
2,transeuntes
2,tranquilos
2,traigo
2,traer
2,tortuga
2,torres
2,tono
2,tomen
2,tomas
2,tomar
2,tomando
2,toma
2,time
2,tierra
2,tiendo
2,tiempos
2,tiempito
2,ticamente
2,tesis
2,termina
2,tercer
2,tengamos
2,tenes
2,tenerle
2,tenerla
2,tendremos
2,tendr
2,temprano
2,temas
2,team
2,tarea
2,tarde
2,tarados
2,tantas
2,tal
2,switcheo
2,suus
2,superfly
2,suficiente
2,suelo
2,stima
2,sostienen
2,sito
2,sirven
2,sinus
2,simult
2,simplemente
2,simple
2,sima
2,siguiendo
2,signos
2,sido
2,shingeki
2,sexapil
2,servido
2,sepa
2,sentirla
2,sentir
2,sentimos
2,sentido
2,sentado
2,sent
2,seguramente
2,segundos
2,segundo
2,santo
2,salvo
2,salvar
2,saludes
2,salud
2,salir
2,sale
2,sagrado
2,sacando
2,saca
2,rostros
2,romper
2,rmino
2,ritu
2,revisar
2,ret
2,resuelve
2,resto
2,requisitos
2,reput
2,repregunta
2,relevante
2,reitero
2,regular
2,regionales
2,recuerden
2,recta
2,recordar
2,recibir
2,rearmar
2,reacci
2,raz
2,rating
2,rar
2,ramos
2,racing
2,quite
2,quiso
2,quise
2,quiera
2,quese
2,ques
2,quemaron
2,pues
2,puedas
2,puedan
2,pued
2,pueblan
2,psicol
2,prueba
2,progre
2,programadores
2,profundo
2,profundiza
2,productora
2,proceso
2,primo
2,prime
2,preservativos
2,preparo
2,preocupate
2,pregunto
2,preguntas
2,precios
2,posteo
2,post
2,posicionamientos
2,posici
2,porciones
2,ponen
2,ponderaci
2,pon
2,po
2,plata
2,plan
2,pisos
2,piso
2,piense
2,piensa
2,pidos
2,pic
2,personalmente
2,personalidad
2,personal
2,person
2,permite
2,perdi
2,perderte
2,perdernos
2,peleas
2,pega
2,pedirle
2,pectorales
2,patillas
2,pasto
2,pase
2,pasaba
2,particularmente
2,parar
2,paquetes
2,papi
2,palestina
2,palabras
2,otorrino
2,oreja
2,ordenar
2,opiniones
2,opini
2,on
2,olvidar
2,olin
2,ol
2,ofende
2,ofelia
2,of
2,ocurri
2,ocupado
2,obsesionado
2,nuevamente
2,nuestras
2,noventista
2,noten
2,notaron
2,nostalgias
2,normal
2,nombre
2,nimos
2,nes
2,nel
2,negra
2,necesita
2,necesarias
2,nea
2,ndoles
2,nazis
2,nate
2,nachota
2,muero
2,muera
2,much
2,motivos
2,mostramos
2,monumentalismo
2,modo
2,mitad
2,mirar
2,miles
2,miedo
2,midiendo
2,micr
2,mica
2,metodol
2,metiendo
2,metes
2,meta
2,mentiste
2,menor
2,memorable
2,mejorar
2,medife
2,media
2,mayores
2,matrix
2,mato
2,marcos
2,marcha
2,manden
2,mandamos
2,man
2,malestar
2,mails
2,magnetic
2,maestro
2,ltimo
2,ltima
2,locos
2,local
2,llev
2,llena
2,llegado
2,llega
2,llamar
2,listo
2,liska
2,lineup
2,lindas
2,lica
2,libertario
2,liberemos
2,lees
2,lean
2,kisner
2,justo
2,juro
2,junto
2,jugando
2,intergal
2,interesante
2,intenso
2,inseguro
2,inflexi
2,incomoda
2,impresionante
2,impersonal
2,imag
2,igualmente
2,ideol
2,hubiera
2,hubi
2,house
2,honestos
2,homosexual
2,hola
2,ho
2,hip
2,hil
2,heterosexual
2,hemos
2,hamburguesas
2,hacelo
2,hablo
2,hablen
2,hablaremos
2,hablaba
2,guita
2,gritos
2,grabis
2,gordo
2,gobierna
2,genera
2,ganas
2,g
2,futuro
2,full
2,fuiste
2,fuerzas
2,fraude
2,fras
2,fr
2,fotos
2,flor
2,flash
2,finales
2,fin
2,fila
2,feo
2,fenomenal
2,feedback
2,fam
2,factor
2,exportadores
2,explica
2,experta
2,excluir
2,evitar
2,esty
2,estupidez
2,estafa
2,establecer
2,esquemas
2,esponja
2,especiales
2,espa
2,esp
2,escuchen
2,escuche
2,escucharon
2,escucha
2,escuch
2,escenograf
2,escarpati
2,ero
2,er
2,equilibrio
2,entretenimiento
2,entrando
2,entran
2,entienda
2,enterarme
2,enojen
2,enojado
2,enojada
2,encuentro
2,encontrar
2,encontrando
2,encima
2,empobrecedor
2,empiezan
2,empez
2,ellas
2,elegimos
2,ego
2,editoriales
2,ed
2,duele
2,doy
2,domar
2,doma
2,doctor
2,do
2,dir
2,din
2,dijimos
2,digan
2,digamos
2,dieron
2,dici
2,detectar
2,destapa
2,despedirme
2,deshecho
2,descartar
2,descansando
2,des
2,derechos
2,demuestran
2,demostrar
2,dem
2,dejo
2,deje
2,definir
2,dedos
2,dedicar
2,death
2,dando
2,daba
2,cuidarse
2,cuidado
2,cuesta
2,cualquiera
2,ctico
2,cruz
2,crossfit
2,creer
2,creen
2,creemos
2,crearon
2,cre
2,cr
2,costado
2,cortina
2,corta
2,conviene
2,conversaci
2,controles
2,contraofensiva
2,contenido
2,contamos
2,contagiando
2,cont
2,consumo
2,consigna
2,consciente
2,conocido
2,confirmo
2,conf
2,concentraci
2,compromiso
2,compro
2,complicado
2,compitiendo
2,competir
2,compa
2,comp
2,comiendo
2,comerciales
2,colegio
2,coherente
2,coches
2,cnica
2,city
2,cierta
2,ciclos
2,ciber
2,chiste
2,chiquito
2,chav
2,chame
2,ch
2,cerebro
2,casta
2,caputo
2,capacidad
2,canchero
2,cambios
2,cam
2,calidad
2,caben
2,ca
2,bullying
2,breaking
2,bondi
2,boludos
2,bolsonaro
2,blicos
2,blicamente
2,black
2,bigote
2,bichos
2,basketball
2,base
2,barrera
2,barber
2,banquen
2,banditas
2,bandas
2,banda
2,banco
2,bancando
2,bala
2,bajito
2,bajista
2,baja
2,ayudo
2,avis
2,autro
2,audios
2,audiencia
2,atractivo
2,art
2,arse
2,arriba
2,arranque
2,arrancando
2,arranc
2,armen
2,armadas
2,argentinos
2,aqu
2,apurados
2,aparec
2,antiguo
2,ansiosa
2,ansiedad
2,andan
2,and
2,altura
2,alma
2,ali
2,alguna
2,agradezco
2,agotadora
2,agero
2,agarran
2,ag
2,afuera
2,africano
2,adquisitivo
2,actualidad
2,acompa
2,aclaraci
2,acercando
2,acelerados
2,absolutamente
2,absoluta
2,abrazar
2,abr
2,abogado
2,abajo
1,zuda
1,zoom
1,yes
1,yanse
1,yank
1,ximo
1,ximas
1,wow
1,whiplash
1,whatsapps
1,whatsapp
1,watch
1,wake
1,vuya
1,vuelvo
1,vuelva
1,votamos
1,votado
1,vosa
1,volver
1,volvemos
1,volv
1,voluntad
1,voces
1,vo
1,vivido
1,vive
1,visto
1,visi
1,viril
1,violento
1,viniste
1,vine
1,vincular
1,vientre
1,vientos
1,vieja
1,vide
1,vidas
1,verlas
1,verdes
1,verdadero
1,verdaderamente
1,verano
1,veniste
1,venido
1,venezolana
1,veh
1,veas
1,veamos
1,variedad
1,vara
1,vanguardia
1,vanc
1,valoren
1,vacunando
1,vac
1,vaas
1,usula
1,usuario
1,usamos
1,usado
1,upa
1,up
1,uoo
1,universos
1,unidos
1,uni
1,unchained
1,unchain
1,unboxing
1,ubican
1,ubica
1,twitea
1,twitch
1,tuyas
1,tuviste
1,tuviera
1,turno
1,trucos
1,trompo
1,trompada
1,troll
1,triste
1,trist
1,tripas
1,trica
1,tremendos
1,trek
1,trav
1,trato
1,tratar
1,transversal
1,transportes
1,transg
1,tranquila
1,tran
1,trampero
1,trampas
1,traemos
1,tradicional
1,tradici
1,tracto
1,trabajar
1,trabaja
1,toy
1,toto
1,totalidad
1,toro
1,tont
1,tomor
1,tomate
1,tod
1,tocas
1,toc
1,toar
1,tnica
1,tiraron
1,tirado
1,tira
1,tipos
1,tinglado
1,til
1,tiktok
1,tien
1,ti
1,teteando
1,testimonios
1,terrible
1,terreno
1,ternura
1,termo
1,termine
1,termin
1,teor
1,tensi
1,tense
1,tenido
1,teng
1,tenerlos
1,tempo
1,tempestad
1,temp
1,televisor
1,televisiva
1,televisado
1,tel
1,tech
1,taylor
1,tas
1,tarada
1,tape
1,tantos
1,tantear
1,tanta
1,tanme
1,tampoco
1,swinger
1,swift
1,sutileza
1,susurrantes
1,suricatas
1,sur
1,supongo
1,suponer
1,suplencia
1,suizos
1,sufrieron
1,sufriendo
1,suene
1,suelte
1,sudamericana
1,suceden
1,succiona
1,subte
1,subiste
1,subime
1,subieran
1,sube
1,suban
1,suba
1,sty
1,streamear
1,streame
1,stor
1,sticas
1,stas
1,starter
1,starp
1,sta
1,st
1,squeda
1,spiderman
1,sparring
1,soundtrack
1,sostiene
1,sostenido
1,sostenga
1,sostenerlos
1,sostenerla
1,sostener
1,sorbo
1,soporto
1,soplan
1,sopla
1,sop
1,sonrisa
1,sonel
1,soluci
1,soltar
1,solos
1,solitario
1,solamente
1,sol
1,soja
1,sofo
1,sociedad
1,social
1,soci
1,sobra
1,sneak
1,skere
1,sk
1,siquiera
1,sio
1,sinti
1,sintetiza
1,sino
1,simulador
1,simplement
1,similares
1,sim
1,silencio
1,signif
1,sigamos
1,siete
1,siente
1,sientan
1,sienta
1,shr
1,show
1,shora
1,shoda
1,shod
1,shingi
1,shild
1,sheldo
1,shagrosky
1,sexis
1,sesudos
1,session
1,serv
1,serie
1,sepamos
1,sentiste
1,sentila
1,sensible
1,sensacionales
1,semplo
1,semejanza
1,semanas
1,selva
1,selenski
1,sejo
1,seguido
1,segu
1,segmentos
1,sector
1,secreto
1,secciones
1,seamo
1,scratches
1,sape
1,sanos
1,sano
1,sangre
1,sangran
1,salvedad
1,salve
1,saludarlos
1,saludable
1,salten
1,saltaron
1,saltan
1,saliendo
1,salido
1,salen
1,salarios
1,salar
1,safar
1,sad
1,sacaron
1,sacan
1,sabio
1,sabiendo
1,sabemos
1,rwar
1,rvelo
1,rusia
1,rumor
1,rufol
1,rufito
1,rubro
1,rotos
1,rostro
1,ronda
1,rompiendo
1,romp
1,romano
1,roes
1,rodilla
1,rito
1,risa
1,rigol
1,rige
1,rifle
1,rifamos
1,riendo
1,ride
1,rico
1,ricardo
1,rica
1,rgico
1,rez
1,rewards
1,revor
1,reversion
1,reventando
1,revent
1,revelar
1,rev
1,retweet
1,retrotraer
1,retrotrae
1,resulta
1,restricto
1,respeto
1,respetar
1,respetados
1,resolver
1,resolve
1,resolvamos
1,resist
1,resen
1,requieren
1,reputa
1,reproduciendo
1,representar
1,representado
1,reposteo
1,reportar
1,repita
1,repetir
1,repetimos
1,repet
1,repelente
1,remoto
1,reloj
1,relator
1,relate
1,relatame
1,relalo
1,relajaba
1,relaciones
1,relaci
1,rel
1,reivindica
1,reine
1,reina
1,regusta
1,regule
1,regulando
1,regional
1,reg
1,reflotando
1,reflexiones
1,reflexionar
1,reflexi
1,referencias
1,refeo
1,refen
1,ref
1,reemplazos
1,recuerde
1,recorriendo
1,recordame
1,record
1,recopil
1,recontra
1,reconstrucci
1,reconozcan
1,reconoci
1,reconocerlo
1,reconocen
1,reconoc
1,reclamo
1,recibo
1,recibirlos
1,rechazo
1,rechaz
1,receta
1,recepta
1,recall
1,recajo
1,rec
1,reborde
1,rebaj
1,reas
1,realizar
1,reacciones
1,rdida
1,rbaro
1,rayos
1,ratios
1,ramillo
1,ramill
1,ramelo
1,ram
1,radial
1,raci
1,rabiol
1,rabia
1,ra
1,quisquilloso
1,quisieron
1,quiosquito
1,quier
1,quienes
1,quiebra
1,quico
1,querramos
1,queridos
1,querido
1,quemes
1,quememos
1,quees
1,queer
1,quedo
1,quede
1,quedaron
1,quedar
1,quedamos
1,qued
1,puude
1,putin
1,putean
1,putea
1,puso
1,pusieron
1,puerred
1,puente
1,pueblo
1,pue
1,pudrir
1,pudrici
1,pudri
1,pudo
1,pudimos
1,pudiera
1,pude
1,puchos
1,publ
1,puang
1,psicot
1,psicoespiritual
1,ps
1,proteges
1,protectora
1,proteccionista
1,protecci
1,propongo
1,propone
1,propios
1,propia
1,prop
1,promedio
1,program
1,productos
1,producir
1,problem
1,probarlos
1,probabilidad
1,privado
1,privadas
1,principalmente
1,principal
1,primog
1,primac
1,pri
1,pretend
1,presidencia
1,presi
1,presento
1,presentando
1,presentaci
1,present
1,presencia
1,presena
1,preocupe
1,preocupar
1,preocupan
1,preocupaba
1,premio
1,preguntes
1,preguntaron
1,preguntarle
1,preguntando
1,preguntado
1,pregunta
1,precisi
1,preapertura
1,pre
1,practica
1,pozo
1,power
1,potente
1,potenciales
1,postula
1,posta
1,portan
1,portal
1,porongas
1,populista
1,popularizado
1,ponga
1,ponete
1,pones
1,ponerte
1,ponerme
1,ponerla
1,poneme
1,podrida
1,poderoso
1,pocos
1,pobres
1,poblaci
1,plural
1,pliega
1,plataformas
1,plantate
1,planos
1,planeta
1,planear
1,planeado
1,planea
1,piros
1,pinte
1,pinos
1,pinocho
1,pimos
1,pim
1,piloto
1,pilotea
1,pifian
1,pifiado
1,piezas
1,pierden
1,piensan
1,piel
1,pida
1,pico
1,pice
1,pica
1,pibes
1,piba
1,piando
1,peso
1,pesan
1,peruanismo
1,pertenezcan
1,pertenencia
1,persuadir
1,peroncho
1,permito
1,perm
1,periodismo
1,perfectamente
1,perdurar
1,perdiste
1,perdimos
1,perdiendo
1,perdidos
1,perdido
1,perder
1,per
1,penumbras
1,pensas
1,pensaron
1,pensaba
1,pemos
1,pelota
1,peligrosos
1,peligroso
1,peligro
1,pelearte
1,pelean
1,peleamos
1,peleaba
1,pegas
1,pegar
1,pegando
1,pedir
1,pedazo
1,pecho
1,pecado
1,peak
1,pch
1,patria
1,patas
1,patagonia
1,pastila
1,paso
1,pasillos
1,pasaste
1,pasaron
1,particular
1,participar
1,partes
1,paro
1,parlante
1,pari
1,pared
1,parecido
1,pareci
1,pare
1,pararte
1,parando
1,paramos
1,paralelos
1,paraguas
1,parafilia
1,parafernalia
1,paquete
1,papel
1,papeira
1,papa
1,pantanos
1,pantalones
1,pampera
1,pame
1,palos
1,palo
1,palmada
1,palitos
1,palabra
1,pagar
1,pacto
1,pack
1,pacientes
1,oyente
1,oxidado
1,ovarios
1,otorrinos
1,otitis
1,otaku
1,oscuro
1,original
1,orientaciones
1,orial
1,organizaci
1,ordinarias
1,ordene
1,ordenan
1,ordenadito
1,orden
1,ordc
1,or
1,oposici
1,oportunidades
1,opening
1,olvidando
1,olvidado
1,ojos
1,ofendido
1,ofendida
1,ofendi
1,ofender
1,ofenden
1,ofend
1,ocurrir
1,ocult
1,obstrucci
1,obs
1,objetivos
1,objetiva
1,nutrir
1,nutriente
1,nutre
1,nuevas
1,nuestros
1,nuds
1,novedoso
1,noto
1,notas
1,notando
1,notan
1,notado
1,nost
1,noo
1,nombres
1,nombr
1,nocturnos
1,nocturnas
1,noch
1,niveles
1,nito
1,ninguno
1,nicas
1,neura
1,nestor
1,nerviosa
1,nervios
1,neo
1,nenes
1,negre
1,negocio
1,negociaciones
1,necesites
1,necesitan
1,necesit
1,necesidad
1,necesarios
1,neas
1,neamente
1,ndose
1,ndome
1,ndo
1,ndalo
1,nculo
1,nba
1,navy
1,nave
1,natural
1,narrativa
1,nariz
1,nana
1,nac
1,mutar
1,mutada
1,mut
1,mustach
1,musical
1,mundos
1,mundiales
1,mulo
1,mullet
1,mujer
1,muestre
1,muertos
1,muerto
1,muerte
1,mpora
1,movimientos
1,movilizo
1,movilizaci
1,moves
1,motivacional
1,motherfucker
1,mostrarles
1,mostrando
1,mosquitos
1,mosquito
1,mortales
1,morero
1,more
1,monos
1,mondino
1,mon
1,momo
1,momentos
1,molesta
1,mojados
1,modelo
1,modalidades
1,mnibus
1,mmo
1,mite
1,misterioso
1,misteriosa
1,miran
1,mirada
1,minuto
1,ministro
1,minded
1,mil
1,miembros
1,micos
1,mico
1,mexicanos
1,metros
1,metro
1,metodolog
1,meter
1,mete
1,metal
1,mesar
1,mes
1,meros
1,mero
1,merite
1,mercantiliza
1,mentira
1,mentir
1,mente
1,ment
1,menso
1,menciona
1,men
1,meme
1,melo
1,medo
1,mediste
1,medir
1,medif
1,medicina
1,medical
1,med
1,mbulo
1,mbolos
1,mayor
1,mayo
1,matem
1,mata
1,mat
1,masturbando
1,masturba
1,mascala
1,masa
1,marzo
1,martes
1,mart
1,marquitos
1,marque
1,marmolado
1,mariposa
1,marco
1,maras
1,mar
1,manuel
1,mantis
1,mantener
1,mansions
1,manicero
1,manejar
1,manejando
1,mandes
1,mandas
1,mandaron
1,mandarnos
1,mandarlo
1,mandarle
1,mandando
1,mandan
1,mandame
1,manager
1,malra
1,maldito
1,maldici
1,malcorra
1,maguita
1,macera
1,lyons
1,luz
1,lujo
1,luis
1,lucila
1,luar
1,ltimos
1,ltimamente
1,lover
1,loquitas
1,lola
1,lograr
1,logran
1,logrado
1,logra
1,logr
1,logo
1,locuras
1,llovida
1,llorando
1,llevo
1,lleve
1,llevar
1,llevamos
1,lleno
1,llegu
1,llegas
1,lleg
1,lle
1,llamen
1,llame
1,llamas
1,living
1,lista
1,linealmente
1,lineado
1,linda
1,limp
1,limitar
1,likeando
1,lightning
1,ligereza
1,liga
1,lidos
1,libertarios
1,liberas
1,lgico
1,levanto
1,levant
1,lentes
1,lente
1,lela
1,lejana
1,legends
1,legal
1,legado
1,legacy
1,legac
1,lega
1,leerlos
1,lee
1,lectura
1,league
1,lasas
1,lasa
1,lariza
1,laringeo
1,larguero
1,largo
1,largas
1,largarnos
1,largarme
1,lantar
1,lamento
1,laer
1,lady
1,ladrillo
1,laburante
1,laburando
1,labios
1,laan
1,laac
1,kisil
1,kid
1,kg
1,kate
1,k
1,juntos
1,junte
1,juntas
1,juntar
1,junta
1,junior
1,jugamos
1,jugaba
1,jueves
1,juegos
1,juegan
1,juega
1,jubilados
1,ju
1,jorge
1,joaco
1,jefe
1,jason
1,jard
1,jao
1,ital
1,it
1,irrupci
1,irradia
1,involucramos
1,involucradas
1,invitarlo
1,invitado
1,invit
1,inversi
1,inversa
1,intervenciones
1,interrupci
1,interrump
1,interrogativo
1,interesados
1,intercambios
1,intercambiando
1,intercambiado
1,intent
1,intensidad
1,intensa
1,int
1,instrumentar
1,instituyeron
1,insoportable
1,inscribe
1,insanos
1,inofensivos
1,inmolar
1,inmol
1,inmersos
1,iniciar
1,ingresar
1,ingleses
1,informa
1,inflaci
1,infinito
1,infart
1,infantes
1,inf
1,inevitable
1,industrial
1,industria
1,indumentaria
1,indios
1,indigno
1,indignan
1,indigna
1,incomodar
1,inco
1,inc
1,inaugurar
1,inadaptados
1,impulso
1,improvisada
1,imprimiendo
1,importan
1,importaciones
1,imperios
1,imperio
1,imaginen
1,ignoro
1,ignoralo
1,ido
1,idiotas
1,ideas
1,ia
1,i
1,hunter
1,humor
1,humillar
1,humillado
1,humano
1,huevos
1,hueco
1,hubo
1,hubieran
1,horribles
1,horo
1,horny
1,honorable
1,honesto
1,homosexuales
1,hombres
1,hoa
1,hiz
1,historias
1,hist
1,hiperrealistas
1,hincha
1,hicimos
1,hicieron
1,hh
1,herramientas
1,hermosos
1,hermoso
1,hermosa
1,her
1,hechos
1,hecha
1,hayas
1,hashtag
1,hash
1,har
1,hand
1,hammer
1,hagas
1,hagan
1,hagamos
1,hagame
1,hacete
1,hacerlos
1,hacerla
1,habr
1,hablarlo
1,hablarle
1,habido
1,haar
1,gutural
1,gustan
1,guino
1,guerra
1,guerr
1,gubre
1,guardemos
1,guardar
1,guarda
1,gu
1,gsb
1,grupos
1,gruesos
1,grueso
1,grp
1,group
1,gritar
1,gritando
1,gren
1,greco
1,grave
1,gratuita
1,grasa
1,graf
1,grado
1,grabas
1,grabar
1,grabado
1,grab
1,gorila
1,google
1,golpistas
1,golpes
1,golpean
1,golf
1,gobernadores
1,global
1,gildo
1,gil
1,gico
1,gicas
1,gestando
1,geopol
1,generalizado
1,generaciones
1,generacionalmente
1,gas
1,garcho
1,garchadas
1,garcha
1,garca
1,garantiz
1,gano
1,ganme
1,ganen
1,ganaron
1,ganarlas
1,ganarla
1,gan
1,galaxia
1,fuori
1,funcione
1,funcionan
1,funci
1,fume
1,fum
1,fuimos
1,fueran
1,fucking
1,fth
1,frontera
1,frentes
1,frases
1,francisco
1,fran
1,fracasado
1,fotogr
1,fotball
1,fortuna
1,forster
1,formaron
1,formando
1,forjamos
1,for
1,fomentas
1,fomentando
1,follows
1,focus
1,foco
1,flota
1,flexiono
1,flex
1,flechita
1,fit
1,fire
1,finge
1,fines
1,financiamiento
1,filtros
1,filtrarlos
1,filmar
1,filetito
1,filete
1,fil
1,fijar
1,fico
1,festejar
1,felicidad
1,felices
1,feito
1,feas
1,fascinante
1,fascinado
1,fantina
1,fan
1,famoso
1,familiar
1,facil
1,ezequiel
1,extraordinario
1,extranjero
1,extralimitado
1,exportaciones
1,explotar
1,explosiones
1,exploraci
1,explicarte
1,explican
1,experiencias
1,experiencia
1,exp
1,exige
1,excretas
1,excepciones
1,excepcionalidad
1,evitando
1,evidentemente
1,eventos
1,eternidad
1,etaria
1,esud
1,estuvo
1,estrenando
1,estimad
1,estereotipo
1,estemos
1,estees
1,estados
1,establecemos
1,estabas
1,estab
1,espont
1,espiritualmente
1,espero
1,esperen
1,esperemos
1,esperar
1,esperanza
1,esperando
1,espectacularidad
1,espectaculares
1,espacios
1,esculpidas
1,escuela
1,escucho
1,escribir
1,escribi
1,escribe
1,escriban
1,escondidas
1,escenarios
1,escarp
1,escaneando
1,escandinavos
1,escame
1,erwin
1,eructo
1,eructan
1,equivocando
1,equivocado
1,envergadura
1,entusiasmo
1,entusiasmaba
1,entretiene
1,entrega
1,entrarle
1,entrada
1,entorno
1,entere
1,entenderlo
1,entelequias
1,ent
1,enough
1,enormes
1,enormemente
1,enojas
1,enojarte
1,enoja
1,enoj
1,enmienda
1,enloquezca
1,enfoca
1,enfermar
1,enf
1,enemigo
1,ending
1,encuentre
1,encontr
1,encantar
1,encantan
1,encantador
1,enana
1,empresa
1,empobrecimiento
1,empleo
1,emplear
1,empieces
1,empezamos
1,empecemos
1,empatizo
1,empatizar
1,empat
1,emotivo
1,emocionado
1,emisarios
1,emergentes
1,emergente
1,emergencia
1,embellecer
1,emb
1,elogios
1,elogiar
1,elevado
1,elela
1,elefante
1,electoral
1,ejercicio
1,ejercer
1,ejecutiva
1,ehi
1,ehar
1,egr
1,egipto
1,eficiencia
1,efem
1,efectos
1,editorial
1,edit
1,edificios
1,edificio
1,edi
1,ecatombe
1,dure
1,duela
1,dudas
1,drones
1,drena
1,drama
1,dragon
1,dosmil
1,dosis
1,dosera
1,dorado
1,donal
1,domingo
1,domado
1,dom
1,dolor
1,divertido
1,diversificar
1,div
1,distribuir
1,distraer
1,distinta
1,distancia
1,disquisiciones
1,disquisici
1,dispuesta
1,disparamos
1,disfrazados
1,discurso
1,disculpas
1,discazo
1,dis
1,directo
1,directamente
1,diputado
1,dios
1,diordi
1,dio
1,dinosaurios
1,digital
1,digas
1,diferentes
1,diendo
1,diego
1,did
1,dico
1,dickinson
1,dicho
1,dica
1,dic
1,dibujo
1,diana
1,diametralmente
1,dialogar
1,diale
1,diagnostica
1,dexing
1,devoci
1,develar
1,detestable
1,deterioro
1,detectando
1,detecciones
1,detalle
1,desviaron
1,destructor
1,desplom
1,despiertes
1,despectivamente
1,desp
1,desnudo
1,desnudan
1,desincentivo
1,desesperaci
1,desenterrados
1,desenchufando
1,describa
1,desatado
1,desastre
1,desarrollando
1,derrochando
1,derechas
1,derecha
1,deprimido
1,deprimente
1,deporte
1,deo
1,dense
1,demostrarle
1,demostrando
1,demasiado
1,demandan
1,delos
1,delegando
1,dejen
1,dejarse
1,dejaron
1,dejanos
1,dejando
1,dejan
1,dejaban
1,deir
1,definitivamente
1,definimos
1,dedicaron
1,dedican
1,dedicaci
1,decretas
1,decretar
1,declive
1,declaraci
1,decisiones
1,decirte
1,decirme
1,decirles
1,decirle
1,decidido
1,decid
1,deblos
1,debilitamiento
1,debajo
1,dead
1,darles
1,darla
1,dan
1,damn
1,dala
1,cuyos
1,curiosos
1,cupiste
1,cuota
1,culturalmente
1,culos
1,culor
1,cuidate
1,cuerda
1,cuento
1,cuentas
1,cuello
1,cuca
1,cubrir
1,cubierto
1,cuato
1,cuarto
1,cuantos
1,cuanto
1,cticos
1,cter
1,cruzo
1,crucero
1,cruce
1,crita
1,cristali
1,crisis
1,creci
1,crecemos
1,crece
1,crean
1,crack
1,coyunturales
1,cosplay
1,coso
1,cosita
1,corto
1,cortita
1,corten
1,cortaron
1,corresponde
1,corremos
1,corregir
1,correcta
1,cordob
1,cordialmente
1,coraz
1,copyright
1,copi
1,convocar
1,convertirse
1,conveniencia
1,contrras
1,controlan
1,contrat
1,contraintuitivo
1,contextualizaci
1,contesta
1,contest
1,contar
1,contalo
1,contacto
1,consultas
1,consultando
1,consulta
1,construimos
1,constelaci
1,consentimiento
1,conscientes
1,conscientemente
1,conocimiento
1,conociendo
1,conocidos
1,conocida
1,conoci
1,conoc
1,connotaci
1,conmovedor
1,conmov
1,congreso
1,congoja
1,conforman
1,conflictos
1,conflicto
1,confirmar
1,confirmaci
1,confiaron
1,confiamos
1,confi
1,confesi
1,confesarles
1,conferencia
1,conectas
1,conectamos
1,conectados
1,conductor
1,conduce
1,conducci
1,concurso
1,concretos
1,conceptualizado
1,comun
1,compras
1,comprarlo
1,comprar
1,comprado
1,compone
1,complicar
1,compartirles
1,compartir
1,compartimentado
1,comparado
1,community
1,comieron
1,comida
1,comentarios
1,come
1,combatia
1,coman
1,columnas
1,columna
1,colectivos
1,cold
1,coincidir
1,coincidencias
1,coder
1,cock
1,cobro
1,coberturas
1,cobertura
1,cnico
1,cnicas
1,cnicamente
1,clo
1,clipear
1,cle
1,classic
1,claridad
1,ciudadan
1,circular
1,cintura
1,cin
1,cielos
1,cielo
1,ciegamente
1,chut
1,chupapijas
1,chotas
1,chivadota
1,chikos
1,chicos
1,chico
1,cheto
1,cher
1,chavales
1,chanchari
1,chaikovski
1,ceras
1,cera
1,cepa
1,centro
1,central
1,cent
1,celebrando
1,celebran
1,cel
1,cebra
1,cay
1,caus
1,cat
1,casualmente
1,casualidad
1,castig
1,caso
1,cas
1,cartuchos
1,carroso
1,carpetas
1,carniceros
1,carne
1,caracter
1,captando
1,capitulo
1,capital
1,capar
1,canten
1,canilla
1,canales
1,canal
1,cana
1,campera
1,campa
1,camouflage
1,camina
1,cambiar
1,cambian
1,cambia
1,cambi
1,calma
1,callej
1,callate
1,califa
1,caliente
1,calienta
1,calid
1,calibre
1,calado
1,caigo
1,cagues
1,cagaste
1,cagas
1,cagado
1,caga
1,cafiro
1,cae
1,cadena
1,cable
1,caballero
1,by
1,bush
1,burlaste
1,bullis
1,bulino
1,buline
1,bulado
1,bronca
1,brillar
1,breve
1,brasileros
1,bowl
1,botonera
1,bot
1,bostera
1,boss
1,borial
1,borgen
1,borec
1,bordo
1,bordi
1,bordales
1,bord
1,boludez
1,bolud
1,bolas
1,bola
1,boards
1,blue
1,bloques
1,blink
1,blico
1,blenme
1,blenda
1,blend
1,blandos
1,biscuit
1,bilmente
1,billet
1,bienvenidos
1,bienvenido
1,bich
1,besaba
1,beneficiar
1,belleza
1,bella
1,bedner
1,beb
1,bcar
1,batido
1,basure
1,basura
1,basados
1,basa
1,bardeo
1,bardea
1,barde
1,barcos
1,barajar
1,bar
1,bancarse
1,bancan
1,bananero
1,banal
1,bamos
1,ball
1,bal
1,bajemos
1,bajarlo
1,bajar
1,bait
1,bailando
1,bado
1,bacterias
1,ayudarlo
1,ayudar
1,axel
1,award
1,averig
1,aven
1,autos
1,autom
1,autof
1,autoayuda
1,autista
1,aut
1,aurio
1,atrasa
1,aterriz
1,atentos
1,atengo
1,atenci
1,atajas
1,atachar
1,asumi
1,astron
1,asquerosos
1,asimetr
1,aseguro
1,asco
1,arte
1,arrancamos
1,arquitectura
1,arquitect
1,armor
1,arman
1,arma
1,arepita
1,arepa
1,arde
1,archivos
1,arcar
1,aras
1,arancelamiento
1,arancel
1,aquellos
1,aprende
1,app
1,aportaron
1,aplicar
1,aplauso
1,aplaude
1,apariciones
1,aparezca
1,apareci
1,aparece
1,aora
1,anuncios
1,antrax
1,antibombas
1,anteriores
1,ansiosos
1,anotada
1,anomal
1,animar
1,animal
1,anhelos
1,andas
1,andante
1,ambos
1,ambici
1,amador
1,amables
1,amable
1,alverti
1,alto
1,altiz
1,alr
1,almas
1,alino
1,alimenta
1,alias
1,alguno
1,alem
1,aleje
1,alejame
1,alegran
1,alegr
1,aleatorio
1,album
1,albertista
1,albert
1,albedr
1,alargar
1,alargamos
1,alar
1,ajustar
1,ajustado
1,ahy
1,ahorita
1,agust
1,agudos
1,agudo
1,aguanto
1,aguante
1,aguantan
1,agua
1,agrado
1,agradecimiento
1,agradeciendo
1,agradecerles
1,agos
1,agoos
1,agoo
1,ageras
1,agarrarse
1,agarrarla
1,agarrando
1,agarramos
1,agar
1,afito
1,afiliate
1,aferrarse
1,afeitarme
1,aend
1,ael
1,adjudico
1,adapta
1,acuerda
1,actualizar
1,actual
1,activo
1,actividad
1,acting
1,acordaste
1,acordabas
1,acontecimientos
1,acomodar
1,aclaro
1,aclararlo
1,aclarar
1,achique
1,acerca
1,aceptaron
1,aceptado
1,acept
1,acelerando
1,acelerado
1,aceleradas
1,acaso
1,acarreo
1,acad
1,acaba
1,acab
1,aburrido
1,abstracci
1,absorbiste
1,abrirnos
1,abrimos
1,abril
1,abre
1,abrazo
1,abrazando
1,abierta
1,abatecola
1,abandonamos
1,abaj
1,ab
1,aa